rank,title ,year,decade,domestic_gross,domestic_prcnt,foreign_gross,foreign_prcnt ,worldwide_gross,budget,budget_recovered_prcnt,times_budget_recovered,running_time,rating
1,Avatar,2009,2000's,"785,221,649",26.9%,"2,138,484,377",73.1%,"2,923,706,026","237,000,000",1234%,12.3,2:42:00,PG-13
2,Avengers: Endgame,2019,2010's,"858,373,000",30.7%,"1,941,066,100",69.3%,"2,799,439,100","356,000,000",786%,7.9,3:01:00,PG-13
3,Avatar: The Way of Water,2022,2020's,"684,075,767",29.5%,"1,636,174,514",70.5%,"2,320,250,281","460,000,000",504%,5.0,3:12:00,PG-13
4,Titanic,1997,1990's,"674,292,608",29.8%,"1,590,450,697",70.2%,"2,264,743,305","200,000,000",1132%,11.3,3:14:00,PG-13
5,Star Wars: Episode VII - The Force Awakens,2015,2010's,"936,662,225",45.2%,"1,134,647,993",54.8%,"2,071,310,218","245,000,000",845%,8.5,2:18:00,PG-13
6,Avengers: Infinity War,2018,2010's,"678,815,482",33.1%,"1,373,599,557",66.9%,"2,052,415,039","300,000,000",684%,6.8,2:29:00,PG-13
7,Spider-Man: No Way Home,2021,2020's,"814,115,070",42.4%,"1,107,732,041",57.6%,"1,921,847,111","200,000,000",961%,9.6,2:28:00,PG-13
8,Jurassic World,2015,2010's,"653,406,625",39.1%,"1,018,130,819",60.9%,"1,671,537,444","150,000,000",1114%,11.1,2:04:00,PG-13
9,The Lion King,2019,2010's,"543,638,043",32.7%,"1,119,437,358",67.3%,"1,663,075,401","260,000,000",640%,6.4,1:58:00,PG
10,The Avengers,2012,2010's,"623,357,910",41.0%,"897,180,626",59.0%,"1,520,538,536","220,000,000",691%,6.9,2:23:00,PG-13
11,Furious 7,2015,2010's,"353,007,020",23.3%,"1,162,334,379",76.7%,"1,515,341,399","190,000,000",798%,8.0,2:17:00,PG-13
12,Top Gun: Maverick,2022,2020's,"718,732,821",48.1%,"776,963,471",51.9%,"1,495,696,292","170,000,000",880%,8.8,2:10:00,PG-13
13,Frozen II,2019,2010's,"477,373,578",32.8%,"979,309,898",67.2%,"1,456,683,476","150,000,000",971%,9.7,1:43:00,PG
14,Barbie,2023,2020's,"626,647,793",44.2%,"791,800,000",55.8%,"1,418,447,793","151,000,000",939%,9.4,1:54:00,PG-13
15,Avengers: Age of Ultron,2015,2010's,"459,005,868",32.7%,"946,012,180",67.3%,"1,405,018,048","250,000,000",562%,5.6,2:21:00,PG-13
16,The Super Mario Bros. Movie,2023,2020's,"574,934,330",42.2%,"787,217,776",57.8%,"1,362,152,106","100,000,000",1362%,13.6,1:32:00,PG
17,Black Panther,2018,2010's,"700,426,566",51.9%,"649,499,517",48.1%,"1,349,926,083","200,000,000",675%,6.7,2:14:00,PG-13
18,Harry Potter and the Deathly Hallows: Part 2,2011,2010's,"381,447,587",28.4%,"960,912,354",71.6%,"1,342,359,941","125,000,000",1074%,10.7,2:10:00,PG-13
19,Star Wars: Episode VIII - The Last Jedi,2017,2010's,"620,181,382",46.5%,"714,226,324",53.5%,"1,334,407,706","317,000,000",421%,4.2,2:32:00,PG-13
20,Jurassic World: Fallen Kingdom,2018,2010's,"417,719,760",31.9%,"892,746,536",68.1%,"1,310,466,296","170,000,000",771%,7.7,2:08:00,PG-13
21,Frozen,2013,2010's,"400,953,009",31.2%,"883,587,509",68.8%,"1,284,540,518","150,000,000",856%,8.6,1:42:00,PG
22,Beauty and the Beast,2017,2010's,"504,481,165",39.8%,"761,634,799",60.2%,"1,266,115,964","160,000,000",791%,7.9,2:09:00,PG
23,Incredibles 2,2018,2010's,"608,581,744",49.0%,"634,643,923",51.0%,"1,243,225,667","200,000,000",622%,6.2,1:58:00,PG
24,The Fate of the Furious,2017,2010's,"226,008,385",18.3%,"1,009,996,733",81.7%,"1,236,005,118","250,000,000",494%,4.9,2:16:00,PG-13
25,Iron Man 3,2013,2010's,"409,013,994",33.6%,"806,563,211",66.4%,"1,215,577,205","200,000,000",608%,6.1,2:10:00,PG-13
26,Minions,2015,2010's,"336,045,770",29.0%,"823,398,892",71.0%,"1,159,444,662","74,000,000",1567%,15.7,1:31:00,PG
27,Captain America: Civil War,2016,2010's,"408,084,349",35.3%,"746,962,067",64.7%,"1,155,046,416","250,000,000",462%,4.6,2:27:00,PG-13
28,Aquaman,2018,2010's,"335,104,314",29.2%,"813,424,079",70.8%,"1,148,528,393","160,000,000",718%,7.2,2:23:00,PG-13
29,The Lord of the Rings: The Return of the King,2003,2000's,"379,427,292",33.1%,"768,206,541",66.9%,"1,147,633,833","94,000,000",1221%,12.2,3:21:00,PG-13
30,Skyfall,2012,2010's,"304,360,277",26.6%,"838,111,018",73.4%,"1,142,471,295","200,000,000",571%,5.7,2:23:00,PG-13
31,Spider-Man: Far from Home,2019,2010's,"390,532,085",34.5%,"741,395,911",65.5%,"1,131,927,996","160,000,000",707%,7.1,2:09:00,PG-13
32,Captain Marvel,2019,2010's,"426,829,839",37.7%,"704,586,607",62.3%,"1,131,416,446","160,000,000",707%,7.1,2:03:00,PG-13
33,Transformers: Dark of the Moon,2011,2010's,"352,390,543",31.4%,"771,403,536",68.6%,"1,123,794,079","195,000,000",576%,5.8,2:34:00,PG-13
34,Jurassic Park,1993,1990's,"407,185,075",36.6%,"705,953,473",63.4%,"1,113,138,548","63,000,000",1767%,17.7,2:07:00,PG-13
35,Transformers: Age of Extinction,2014,2010's,"245,439,076",22.2%,"858,614,996",77.8%,"1,104,054,072","210,000,000",526%,5.3,2:45:00,PG-13
36,The Dark Knight Rises,2012,2010's,"448,149,584",41.5%,"633,020,241",58.5%,"1,081,169,825","250,000,000",432%,4.3,2:44:00,PG-13
37,Star Wars: Episode IX - The Rise of Skywalker,2019,2010's,"515,202,542",47.8%,"561,819,830",52.2%,"1,077,022,372","275,000,000",392%,3.9,2:21:00,PG-13
38,Joker,2019,2010's,"335,477,657",31.2%,"738,980,625",68.8%,"1,074,458,282","55,000,000",1954%,19.5,2:02:00,R
39,Toy Story 4,2019,2010's,"434,038,008",40.4%,"639,803,386",59.6%,"1,073,841,394","200,000,000",537%,5.4,1:40:00,G
40,Toy Story 3,2010,2010's,"415,004,880",38.9%,"652,311,221",61.1%,"1,067,316,101","200,000,000",534%,5.3,1:43:00,G
41,Pirates of the Caribbean: Dead Man's Chest,2006,2000's,"423,315,812",39.7%,"642,863,935",60.3%,"1,066,179,747","225,000,000",474%,4.7,2:31:00,PG-13
42,Rogue One: A Star Wars Story,2016,2010's,"533,539,991",50.4%,"525,142,151",49.6%,"1,058,682,142","200,000,000",529%,5.3,2:13:00,PG-13
43,Aladdin,2019,2010's,"355,559,216",33.7%,"698,744,784",66.3%,"1,054,304,000","183,000,000",576%,5.8,2:08:00,PG
44,Pirates of the Caribbean: On Stranger Tides,2011,2010's,"241,071,802",23.0%,"805,649,464",77.0%,"1,046,721,266","250,000,000",419%,4.2,2:17:00,PG-13
45,Despicable Me 3,2017,2010's,"264,624,300",25.6%,"770,175,831",74.4%,"1,034,800,131","80,000,000",1294%,12.9,1:29:00,PG
46,Finding Dory,2016,2010's,"486,295,561",47.2%,"542,971,428",52.8%,"1,029,266,989","200,000,000",515%,5.1,1:37:00,PG
47,Star Wars: Episode I - The Phantom Menace,1999,1990's,"474,544,677",46.2%,"552,538,030",53.8%,"1,027,082,707","115,000,000",893%,8.9,2:16:00,PG
48,Zootopia,2016,2010's,"341,268,248",33.3%,"684,253,441",66.7%,"1,025,521,689","150,000,000",684%,6.8,1:48:00,PG
49,Alice in Wonderland,2010,2010's,"334,191,110",32.6%,"691,277,106",67.4%,"1,025,468,216","200,000,000",513%,5.1,1:48:00,PG
50,Harry Potter & the Sorcerer's Stone,2001,2000's,"318,886,962",31.1%,"704,977,263",68.9%,"1,023,864,225","125,000,000",819%,8.2,2:32:00,PG
51,The Hobbit: An Unexpected Journey,2012,2010's,"303,030,651",29.8%,"714,000,000",70.2%,"1,017,030,651","200,000,000",509%,5.1,2:49:00,PG-13
52,The Dark Knight,2008,2000's,"534,987,076",53.2%,"471,247,091",46.8%,"1,006,234,167","185,000,000",544%,5.4,2:32:00,PG-13
53,Jurassic World Dominion,2022,2020's,"376,851,080",37.6%,"625,127,000",62.4%,"1,001,978,080","165,000,000",607%,6.1,2:27:00,PG-13
54,Jumanji: Welcome to the Jungle,2017,2010's,"404,540,171",40.6%,"590,798,946",59.4%,"995,339,117","90,000,000",1106%,11.1,1:59:00,PG-13
55,Harry Potter and the Deathly Hallows: Part 1,2010,2010's,"296,374,621",30.3%,"680,695,761",69.7%,"977,070,382","125,000,000",782%,7.8,2:26:00,PG-13
56,Despicable Me 2,2013,2010's,"368,065,385",37.9%,"602,700,620",62.1%,"970,766,005","76,000,000",1277%,12.8,1:38:00,PG
57,The Lion King,1994,1990's,"422,783,777",43.7%,"545,728,028",56.3%,"968,511,805","45,000,000",2152%,21.5,1:28:00,G
58,The Jungle Book (2016),2016,2010's,"364,001,123",37.6%,"603,723,652",62.4%,"967,724,775","175,000,000",553%,5.5,1:46:00,PG
59,The Hobbit: The Battle of the Five Armies,2014,2010's,"255,138,261",26.5%,"707,063,077",73.5%,"962,201,338","250,000,000",385%,3.8,2:24:00,PG-13
60,Pirates of the Caribbean: At World's End,2007,2000's,"309,420,425",32.2%,"652,270,784",67.8%,"961,691,209","300,000,000",321%,3.2,2:49:00,PG-13
61,The Hobbit: The Desolation of Smaug,2013,2010's,"258,387,334",26.9%,"700,640,658",73.1%,"959,027,992","250,000,000",384%,3.8,2:41:00,PG-13
62,Doctor Strange in the Multiverse of Madness,2022,2020's,"411,331,607",43.0%,"544,444,197",57.0%,"955,775,804","200,000,000",478%,4.8,2:06:00,PG-13
63,The Lord of the Rings: The Two Towers,2002,2000's,"342,952,511",36.2%,"604,991,759",63.8%,"947,944,270","94,000,000",1008%,10.1,2:59:00,PG-13
64,Harry Potter and the Order of the Phoenix,2007,2000's,"292,382,727",31.0%,"649,895,317",69.0%,"942,278,044","150,000,000",628%,6.3,2:18:00,PG-13
65,Finding Nemo,2003,2000's,"380,843,261",40.4%,"560,794,699",59.6%,"941,637,960","94,000,000",1002%,10.0,1:40:00,G
66,Minions: The Rise of Gru,2022,2020's,"369,695,210",39.3%,"569,933,000",60.7%,"939,628,210","80,000,000",1175%,11.7,1:27:00,PG
67,Harry Potter and the Half-Blood Prince,2009,2000's,"302,334,374",32.4%,"632,185,012",67.6%,"934,519,386","250,000,000",374%,3.7,2:33:00,PG
68,Shrek 2,2004,2000's,"441,226,247",47.5%,"487,534,523",52.5%,"928,760,770","150,000,000",619%,6.2,1:33:00,PG
69,Harry Potter and the Chamber of Secrets,2002,2000's,"262,641,637",28.4%,"663,094,133",71.6%,"925,735,770","100,000,000",926%,9.3,2:41:00,PG
70,Oppenheimer,2023,2020's,"319,378,170",35.0%,"593,970,000",65.0%,"913,348,170","100,000,000",913%,9.1,3:00:00,R
71,Bohemian Rhapsody,2018,2010's,"216,668,042",23.8%,"694,141,269",76.2%,"910,809,311","52,000,000",1752%,17.5,2:14:00,PG-13
72,The Battle at Lake Changjin,2021,2020's,"342,411",0.0%,"902,206,065",100.0%,"902,548,476","100,000,000",903%,9.0,2:56:00,NR
73,The Lord of the Rings: The Fellowship of the Ring,2001,2000's,"316,115,420",35.2%,"582,089,000",64.8%,"898,204,420","93,000,000",966%,9.7,2:58:00,PG-13
74,Harry Potter and the Goblet of Fire,2005,2000's,"290,469,928",32.4%,"606,345,381",67.6%,"896,815,309","150,000,000",598%,6.0,2:37:00,PG-13
75,Spider-Man 3,2007,2000's,"336,530,303",37.6%,"558,453,070",62.4%,"894,983,373","258,000,000",347%,3.5,2:19:00,PG-13
76,The Secret Life of Pets,2016,2010's,"368,383,330",41.2%,"525,944,139",58.8%,"894,327,469","75,000,000",1192%,11.9,1:27:00,PG
77,Ice Age: Dawn of the Dinosaurs,2009,2000's,"196,573,705",22.2%,"690,113,112",77.8%,"886,686,817","90,000,000",985%,9.9,1:34:00,PG
78,Spectre,2015,2010's,"200,074,609",22.7%,"680,630,703",77.3%,"880,705,312","245,000,000",359%,3.6,2:28:00,PG-13
79,Spider-Man: Homecoming,2017,2010's,"334,201,140",38.0%,"545,965,784",62.0%,"880,166,924","175,000,000",503%,5.0,2:13:00,PG-13
80,Ice Age: Continental Drift,2012,2010's,"161,321,843",18.4%,"715,922,939",81.6%,"877,244,782","95,000,000",923%,9.2,1:28:00,PG
81,Batman v Superman: Dawn of Justice,2016,2010's,"330,360,194",37.8%,"543,277,334",62.2%,"873,637,528","250,000,000",349%,3.5,2:31:00,PG-13
82,Wolf Warrior 2,2017,2010's,"2,721,100",0.3%,"867,604,339",99.7%,"870,325,439","30,100,000",2891%,28.9,2:03:00,NR
83,Star Wars: Episode III - Revenge of the Sith,2005,2000's,"380,270,577",43.8%,"488,119,983",56.2%,"868,390,560","113,000,000",768%,7.7,2:20:00,PG-13
84,The Hunger Games: Catching Fire,2013,2010's,"424,668,047",49.1%,"440,343,699",50.9%,"865,011,746","130,000,000",665%,6.7,2:26:00,PG-13
85,Guardians of the Galaxy Vol. 2,2017,2010's,"389,813,101",45.1%,"473,942,950",54.9%,"863,756,051","200,000,000",432%,4.3,2:16:00,PG-13
86,Black Panther: Wakanda Forever,2022,2020's,"453,829,060",52.8%,"405,379,776",47.2%,"859,208,836","250,000,000",344%,3.4,2:41:00,PG-13
87,Inside Out,2015,2010's,"356,921,711",41.6%,"501,926,308",58.4%,"858,848,019","175,000,000",491%,4.9,1:35:00,PG
88,Venom,2018,2010's,"213,515,506",24.9%,"642,569,645",75.1%,"856,085,151","100,000,000",856%,8.6,1:52:00,PG-13
89,Thor: Ragnarok,2017,2010's,"315,058,289",36.8%,"540,243,517",63.2%,"855,301,806","180,000,000",475%,4.8,2:10:00,PG-13
90,The Twilight Saga: Breaking Dawn - Part 2,2012,2010's,"292,324,737",34.4%,"556,269,211",65.6%,"848,593,948","120,000,000",707%,7.1,1:55:00,PG-13
91,Guardians of the Galaxy Vol. 3,2023,2020's,"358,995,815",42.5%,"486,559,962",57.5%,"845,555,777","250,000,000",338%,3.4,2:30:00,PG-13
92,Inception,2010,2010's,"292,587,330",34.9%,"546,443,300",65.1%,"839,030,630","160,000,000",524%,5.2,2:28:00,PG-13
93,Transformers: Revenge of the Fallen,2009,2000's,"402,111,870",48.1%,"434,191,823",51.9%,"836,303,693","200,000,000",418%,4.2,2:29:00,PG-13
94,Spider-Man,2002,2000's,"407,022,860",49.3%,"418,002,176",50.7%,"825,025,036","139,000,000",594%,5.9,2:01:00,PG-13
95,Wonder Woman,2017,2010's,"412,845,172",50.2%,"410,009,114",49.8%,"822,854,286","149,000,000",552%,5.5,2:21:00,PG-13
96,"Hi, Mom",2021,2020's,0,0.0%,"822,009,764",100.0%,"822,009,764","59,000,000",1393%,13.9,2:08:00,NR
97,Independence Day,1996,1990's,"306,169,268",37.5%,"511,231,623",62.5%,"817,400,891","75,000,000",1090%,10.9,2:25:00,PG-13
98,Coco,2017,2010's,"210,460,015",25.8%,"603,877,039",74.2%,"814,337,054","175,000,000",465%,4.7,1:45:00,PG
99,Fantastic Beasts and Where to Find Them,2016,2010's,"234,037,575",28.7%,"580,006,426",71.3%,"814,044,001","180,000,000",452%,4.5,2:12:00,PG-13
100,Shrek the Third,2007,2000's,"322,719,944",39.7%,"490,647,436",60.3%,"813,367,380","160,000,000",508%,5.1,1:33:00,PG
101,Jumanji: The Next Level,2019,2010's,"320,314,960",40.0%,"481,378,969",60.0%,"801,693,929","125,000,000",641%,6.4,2:03:00,PG-13
102,Harry Potter and the Prisoner of Azkaban,2004,2000's,"250,105,651",31.4%,"547,555,114",68.6%,"797,660,765","130,000,000",614%,6.1,2:22:00,PG
103,Pirates of the Caribbean: Dead Men Tell No Tales,2017,2010's,"172,558,876",21.7%,"623,363,422",78.3%,"795,922,298","230,000,000",346%,3.5,2:09:00,PG-13
104,Mission: Impossible - Fallout,2018,2010's,"220,159,104",27.8%,"571,498,294",72.2%,"791,657,398","178,000,000",445%,4.4,2:27:00,PG-13
105,2012,2009,2000's,"166,112,167",21.0%,"625,105,659",79.0%,"791,217,826","200,000,000",396%,4.0,2:38:00,PG-13
106,Indiana Jones and the Kingdom of the Crystal Skull,2008,2000's,"317,101,119",40.1%,"473,552,823",59.9%,"790,653,942","185,000,000",427%,4.3,2:02:00,PG-13
107,Spider-Man 2,2004,2000's,"373,585,825",47.4%,"415,390,628",52.6%,"788,976,453","200,000,000",394%,3.9,2:07:00,PG-13
108,Fast & Furious 6,2013,2010's,"238,679,850",30.3%,"550,001,118",69.7%,"788,680,968","160,000,000",493%,4.9,2:10:00,PG-13
109,Deadpool 2,2018,2010's,"324,591,735",41.3%,"461,304,874",58.7%,"785,896,609","110,000,000",714%,7.1,1:59:00,R
110,Deadpool,2016,2010's,"363,070,709",46.4%,"419,766,082",53.6%,"782,836,791","58,000,000",1350%,13.5,1:48:00,R
111,No Time to Die,2021,2020's,"160,891,007",20.8%,"613,262,000",79.2%,"774,153,007","250,000,000",310%,3.1,2:43:00,PG-13
112,Guardians of the Galaxy,2014,2010's,"333,718,600",43.2%,"439,631,547",56.8%,"773,350,147","170,000,000",455%,4.5,2:01:00,PG-13
113,The Batman,2022,2020's,"369,345,583",47.9%,"401,617,000",52.1%,"770,962,583","200,000,000",385%,3.9,2:56:00,PG-13
114,Thor: Love and Thunder,2022,2020's,"343,256,830",45.1%,"417,671,251",54.9%,"760,928,081","250,000,000",304%,3.0,1:58:00,PG-13
115,Fast & Furious Presents: Hobbs & Shaw,2019,2010's,"173,956,935",22.9%,"586,775,991",77.1%,"760,732,926","200,000,000",380%,3.8,2:17:00,PG-13
116,The Da Vinci Code,2006,2000's,"217,536,138",28.6%,"542,470,807",71.4%,"760,006,945","125,000,000",608%,6.1,2:29:00,PG-13
117,Maleficent,2014,2010's,"241,410,378",31.8%,"518,443,307",68.2%,"759,853,685","180,000,000",422%,4.2,1:37:00,PG
118,The Amazing Spider-Man,2012,2010's,"262,030,663",34.6%,"495,900,000",65.4%,"757,930,663","230,000,000",330%,3.3,2:16:00,PG-13
119,The Hunger Games: Mockingjay - Part 1,2014,2010's,"337,135,885",44.6%,"418,220,826",55.4%,"755,356,711","125,000,000",604%,6.0,2:03:00,PG-13
120,Shrek Forever After,2010,2010's,"238,736,787",31.7%,"513,864,080",68.3%,"752,600,867","165,000,000",456%,4.6,1:35:00,PG
121,Gravity,2013,2010's,"274,092,705",36.6%,"473,957,244",63.4%,"748,049,949","100,000,000",748%,7.5,1:31:00,PG-13
122,Madagascar 3: Europe's Most Wanted,2012,2010's,"216,391,482",29.0%,"530,529,792",71.0%,"746,921,274","145,000,000",515%,5.2,1:35:00,PG
123,Suicide Squad,2016,2010's,"325,100,054",43.5%,"421,746,840",56.5%,"746,846,894","175,000,000",427%,4.3,2:03:00,PG-13
124,X-Men: Days of Future Past,2014,2010's,"233,921,534",31.4%,"512,124,166",68.6%,"746,045,700","200,000,000",373%,3.7,2:12:00,PG-13
125,"The Chronicles of Narnia: The Lion, the Witch and the Wardrobe",2005,2000's,"291,710,957",39.2%,"453,302,158",60.8%,"745,013,115","180,000,000",414%,4.1,2:23:00,PG
126,Monsters University,2013,2010's,"268,492,764",36.1%,"475,066,881",63.9%,"743,559,645","200,000,000",372%,3.7,1:44:00,G
127,The Matrix Reloaded,2003,2000's,"281,576,461",38.0%,"460,271,476",62.0%,"741,847,937","150,000,000",495%,4.9,2:18:00,R
128,E.T. the Extra-Terrestrial,1982,1980's,"437,141,279",59.0%,"304,203,888",41.0%,"741,345,167","10,500,000",7060%,70.6,1:55:00,PG
129,Up,2009,2000's,"293,004,164",39.9%,"442,094,938",60.1%,"735,099,102","175,000,000",420%,4.2,1:36:00,PG
130,Ne Zha,2019,2010's,"3,695,533",0.5%,"722,568,541",99.5%,"726,264,074","20,000,000",3631%,36.3,1:50:00,NR
131,F9: The Fast Saga,2021,2020's,"173,005,945",23.8%,"553,223,556",76.2%,"726,229,501","200,000,000",363%,3.6,2:23:00,PG-13
132,Captain America: The Winter Soldier,2014,2010's,"259,766,572",36.4%,"454,654,931",63.6%,"714,421,503","170,000,000",420%,4.2,2:16:00,PG-13
133,The Twilight Saga: Breaking Dawn - Part 1,2011,2010's,"281,287,133",39.5%,"430,918,723",60.5%,"712,205,856","110,000,000",647%,6.5,1:57:00,PG-13
134,The Twilight Saga: New Moon,2009,2000's,"297,816,253",41.9%,"413,209,228",58.1%,"711,025,481","50,000,000",1422%,14.2,2:10:00,PG-13
135,Dawn of the Planet of the Apes,2014,2010's,"208,545,589",29.3%,"502,098,977",70.7%,"710,644,566","170,000,000",418%,4.2,2:10:00,PG-13
136,Transformers,2007,2000's,"319,246,193",45.0%,"390,463,587",55.0%,"709,709,780","150,000,000",473%,4.7,2:24:00,PG-13
137,The Amazing Spider-Man 2,2014,2010's,"202,853,933",28.6%,"506,128,390",71.4%,"708,982,323","200,000,000",354%,3.5,2:22:00,PG-13
138,Fast X,2023,2020's,"145,960,660",20.7%,"558,749,000",79.3%,"704,709,660","340,000,000",207%,2.1,2:21:00,PG-13
139,Interstellar,2014,2010's,"188,020,017",26.7%,"515,150,820",73.3%,"703,170,837","165,000,000",426%,4.3,2:49:00,PG-13
140,It,2017,2010's,"328,874,981",46.9%,"372,967,570",53.1%,"701,842,551","35,000,000",2005%,20.1,2:15:00,R
141,The Wandering Earth,2019,2010's,"5,971,413",0.9%,"694,021,099",99.1%,"699,992,512","50,000,000",1400%,14.0,2:05:00,NR
142,The Twilight Saga: Eclipse,2010,2010's,"300,531,751",43.0%,"397,978,074",57.0%,"698,509,825","68,000,000",1027%,10.3,2:04:00,PG-13
143,Mission: Impossible - Ghost Protocol,2011,2010's,"209,397,903",30.1%,"485,315,477",69.9%,"694,713,380","145,000,000",479%,4.8,2:12:00,PG-13
144,Mamma Mia!,2008,2000's,"144,169,664",20.8%,"550,308,728",79.2%,"694,478,392","52,000,000",1336%,13.4,1:48:00,PG-13
145,The Hunger Games,2012,2010's,"408,010,692",58.8%,"286,384,032",41.2%,"694,394,724","78,000,000",890%,8.9,2:22:00,PG-13
146,Spider-Man: Across the Spider-Verse,2023,2020's,"381,311,319",55.3%,"308,499,543",44.7%,"689,810,862","100,000,000",690%,6.9,2:20:00,PG
147,Moana,2016,2010's,"248,757,044",36.2%,"438,471,864",63.8%,"687,228,908","150,000,000",458%,4.6,1:47:00,PG
148,Detective Chinatown 3 ,2021,2020's,0,0.0%,"686,257,563",100.0%,"686,257,563","117,000,000",587%,5.9,2:16:00,R
149,Mission: Impossible - Rogue Nation,2015,2010's,"195,042,377",28.6%,"487,674,259",71.4%,"682,716,636","150,000,000",455%,4.6,2:11:00,PG-13
150,Forrest Gump,1994,1990's,"330,455,270",48.7%,"347,771,195",51.3%,"678,226,465","55,000,000",1233%,12.3,2:22:00,PG-13
151,Doctor Strange,2016,2010's,"232,641,920",34.3%,"445,154,156",65.7%,"677,796,076","165,000,000",411%,4.1,1:55:00,PG-13
152,The Sixth Sense,1999,1990's,"293,506,292",43.6%,"379,300,140",56.4%,"672,806,432","40,000,000",1682%,16.8,1:47:00,PG-13
153,Man of Steel,2013,2010's,"291,045,518",43.6%,"377,000,000",56.4%,"668,045,518","225,000,000",297%,3.0,2:23:00,PG-13
154,Ice Age: The Meltdown,2006,2000's,"195,330,621",29.3%,"471,763,885",70.7%,"667,094,506","80,000,000",834%,8.3,1:31:00,PG
155,Kung Fu Panda 2,2011,2010's,"165,249,063",24.8%,"500,443,218",75.2%,"665,692,281","150,000,000",444%,4.4,1:30:00,PG
156,Justice League,2017,2010's,"229,024,295",34.8%,"428,902,692",65.2%,"657,926,987","300,000,000",219%,2.2,2:00:00,PG-13
157,Big Hero 6,2014,2010's,"222,527,828",33.8%,"435,341,858",66.2%,"657,869,686","165,000,000",399%,4.0,1:42:00,PG
158,Star Wars: Episode IV - A New Hope,1977,1970's,"460,998,507",70.2%,"195,751,992",29.8%,"656,750,499","11,000,000",5970%,59.7,2:01:00,PG
159,Fantastic Beasts: The Crimes of Grindelwald,2018,2010's,"159,555,901",24.4%,"495,300,000",75.6%,"654,855,901","200,000,000",327%,3.3,2:14:00,PG-13
160,Pirates of the Caribbean: The Curse of the Black Pearl,2003,2000's,"305,413,918",46.7%,"348,850,097",53.3%,"654,264,015","140,000,000",467%,4.7,2:23:00,PG-13
161,Men in Black 3,2012,2010's,"179,020,854",27.4%,"475,192,631",72.6%,"654,213,485","225,000,000",291%,2.9,1:46:00,PG-13
162,Star Wars: Episode II - Attack of the Clones,2002,2000's,"310,676,740",47.5%,"343,103,230",52.5%,"653,779,970","115,000,000",569%,5.7,2:22:00,PG
163,The Hunger Games: Mockingjay - Part 2,2015,2010's,"281,723,902",43.1%,"371,704,359",56.9%,"653,428,261","160,000,000",408%,4.1,2:17:00,PG-13
164,Thor: The Dark World,2013,2010's,"206,362,140",32.0%,"438,421,000",68.0%,"644,783,140","170,000,000",379%,3.8,1:52:00,PG-13
165,Sing,2016,2010's,"270,578,425",42.7%,"363,759,959",57.3%,"634,338,384","75,000,000",846%,8.5,1:48:00,PG
166,Kung Fu Panda,2008,2000's,"215,771,591",34.1%,"416,311,606",65.9%,"632,083,197","130,000,000",486%,4.9,1:32:00,PG
167,The Incredibles,2004,2000's,"261,441,092",41.4%,"370,165,961",58.6%,"631,607,053","92,000,000",687%,6.9,1:55:00,PG
168,The Martian,2015,2010's,"228,433,663",36.2%,"402,187,155",63.8%,"630,620,818","108,000,000",584%,5.8,2:24:00,PG-13
169,Hancock,2008,2000's,"227,946,274",36.2%,"401,497,154",63.8%,"629,443,428","150,000,000",420%,4.2,1:32:00,PG-13
170,Water Gate Bridge,2022,2020's,"117,294",0.0%,"626,454,403",100.0%,"626,571,697","100,000,000",627%,6.3,2:33:00,NR
171,Fast Five,2011,2010's,"209,837,675",33.5%,"416,300,000",66.5%,"626,137,675","125,000,000",501%,5.0,2:10:00,PG-13
172,Iron Man 2,2010,2010's,"312,433,331",50.1%,"311,500,000",49.9%,"623,933,331","200,000,000",312%,3.1,2:04:00,PG-13
173,Ratatouille,2007,2000's,"206,445,654",33.1%,"417,280,431",66.9%,"623,726,085","150,000,000",416%,4.2,1:51:00,G
174,Ant-Man and the Wasp,2018,2010's,"216,648,740",34.8%,"406,025,399",65.2%,"622,674,139","130,000,000",479%,4.8,1:58:00,PG-13
175,How to Train Your Dragon 2,2014,2010's,"177,002,924",28.5%,"444,534,595",71.5%,"621,537,519","145,000,000",429%,4.3,1:42:00,PG
176,Logan,2017,2010's,"226,277,068",36.5%,"392,902,882",63.5%,"619,179,950","97,000,000",638%,6.4,2:17:00,R
177,The Lost World: Jurassic Park,1997,1990's,"229,086,679",37.0%,"389,552,320",63.0%,"618,638,999","73,000,000",847%,8.5,2:09:00,PG-13
178,Casino Royale,2006,2000's,"167,445,960",27.2%,"449,059,202",72.8%,"616,505,162","150,000,000",411%,4.1,2:24:00,PG-13
179,The Passion of the Christ,2004,2000's,"370,782,930",60.6%,"241,271,576",39.4%,"612,054,506","30,000,000",2040%,20.4,2:07:00,R
180,Life of Pi,2012,2010's,"124,987,023",20.5%,"484,029,542",79.5%,"609,016,565","120,000,000",508%,5.1,2:07:00,PG
181,Ready Player One,2018,2010's,"137,715,350",22.7%,"469,558,784",77.3%,"607,274,134","175,000,000",347%,3.5,2:20:00,PG-13
182,Transformers: The Last Knight,2017,2010's,"130,168,683",21.5%,"475,256,474",78.5%,"605,425,157","217,000,000",279%,2.8,2:34:00,PG-13
183,Madagascar: Escape 2 Africa,2008,2000's,"180,010,950",29.8%,"423,889,404",70.2%,"603,900,354","150,000,000",403%,4.0,1:29:00,PG
184,War of the Worlds,2005,2000's,"234,280,354",38.8%,"369,592,765",61.2%,"603,873,119","132,000,000",457%,4.6,1:56:00,PG-13
185,Tangled,2010,2010's,"200,821,936",33.9%,"391,640,880",66.1%,"592,462,816","260,000,000",228%,2.3,1:40:00,PG
186,Quantum of Solace,2008,2000's,"168,368,427",28.6%,"421,212,055",71.4%,"589,580,482","200,000,000",295%,2.9,1:46:00,PG-13
187,Men in Black,1997,1990's,"250,690,539",42.5%,"338,700,000",57.5%,"589,390,539","90,000,000",655%,6.5,1:38:00,PG-13
188,The Croods,2013,2010's,"187,168,425",31.9%,"400,067,558",68.1%,"587,235,983","135,000,000",435%,4.3,1:38:00,PG
189,The Hangover Part II,2011,2010's,"254,464,305",43.4%,"332,300,000",56.6%,"586,764,305","80,000,000",733%,7.3,1:42:00,R
190,Iron Man,2008,2000's,"319,034,126",54.5%,"266,762,121",45.5%,"585,796,247","140,000,000",418%,4.2,2:06:00,PG-13
191,I Am Legend,2007,2000's,"256,393,010",43.8%,"329,017,042",56.2%,"585,410,052","150,000,000",390%,3.9,1:41:00,PG-13
192,"Monsters, Inc.",2001,2000's,"290,642,256",50.1%,"289,065,482",49.9%,"579,707,738","115,000,000",504%,5.0,1:32:00,G
193,Operation Red Sea,2018,2010's,"1,543,547",0.3%,"577,786,879",99.7%,"579,330,426","70,000,000",828%,8.3,2:22:00,NR
194,Night at the Museum,2006,2000's,"250,863,268",43.7%,"323,617,961",56.3%,"574,481,229","110,000,000",522%,5.2,1:48:00,PG
195,Fifty Shades of Grey,2015,2010's,"166,167,230",29.2%,"403,484,237",70.8%,"569,651,467","40,000,000",1424%,14.2,2:05:00,R
196,The Little Mermaid,2023,2020's,"298,172,056",52.3%,"271,420,242",47.7%,"569,592,298","250,000,000",228%,2.3,2:15:00,PG
197,Kong: Skull Island,2017,2010's,"168,052,812",29.7%,"398,600,000",70.3%,"566,652,812","185,000,000",306%,3.1,1:58:00,PG-13
198,Mission: Impossible - Dead Reckoning Part One,2023,2020's,"172,106,622",30.4%,"394,100,000",69.6%,"566,206,622","291,000,000",195%,1.9,2:43:00,PG-13
199,The Smurfs,2011,2010's,"142,614,158",25.3%,"421,135,165",74.7%,"563,749,323","110,000,000",512%,5.1,1:43:00,PG
200,Cars 2,2011,2010's,"191,452,396",34.2%,"368,400,000",65.8%,"559,852,396","200,000,000",280%,2.8,1:46:00,G
201,King Kong,2005,2000's,"218,080,025",39.2%,"338,826,353",60.8%,"556,906,378","207,000,000",269%,2.7,3:07:00,PG-13
202,Puss in Boots,2011,2010's,"149,260,504",26.9%,"405,726,973",73.1%,"554,987,477","130,000,000",427%,4.3,1:30:00,PG
203,The Mermaid,2016,2010's,"3,232,685",0.6%,"550,577,543",99.4%,"553,810,228","60,720,000",912%,9.1,1:34:00,R
204,Armageddon,1998,1990's,"201,578,182",36.4%,"352,131,606",63.6%,"553,709,788","140,000,000",396%,4.0,2:31:00,PG-13
205,The Day After Tomorrow,2004,2000's,"186,740,799",33.8%,"365,898,772",66.2%,"552,639,571","125,000,000",442%,4.4,2:04:00,PG-13
206,Ted,2012,2010's,"218,815,487",39.8%,"330,552,828",60.2%,"549,368,315","50,000,000",1099%,11.0,1:46:00,R
207,American Sniper,2014,2010's,"350,159,020",64.0%,"197,300,000",36.0%,"547,459,020","58,800,000",931%,9.3,2:13:00,R
208,Mission: Impossible II,2000,2000's,"215,409,889",39.4%,"330,978,219",60.6%,"546,388,108","125,000,000",437%,4.4,2:03:00,PG-13
209,Detective Chinatown 2,2018,2010's,"1,983,984",0.4%,"542,201,172",99.6%,"544,185,156","63,000,000",864%,8.6,2:01:00,R
210,X-Men: Apocalypse,2016,2010's,"155,442,489",28.6%,"388,491,616",71.4%,"543,934,105","178,000,000",306%,3.1,2:24:00,PG-13
211,Sherlock Holmes: A Game of Shadows,2011,2010's,"186,848,418",34.4%,"357,000,000",65.6%,"543,848,418","125,000,000",435%,4.4,2:09:00,PG-13
212,Despicable Me,2010,2010's,"251,557,985",46.3%,"291,600,000",53.7%,"543,157,985","69,000,000",787%,7.9,1:35:00,PG
213,Cinderella,2015,2010's,"201,151,353",37.1%,"341,206,978",62.9%,"542,358,331","95,000,000",571%,5.7,1:45:00,PG
214,Madagascar,2005,2000's,"193,595,521",35.7%,"348,468,325",64.3%,"542,063,846","75,000,000",723%,7.2,1:26:00,PG
215,World War Z,2013,2010's,"202,807,711",37.5%,"337,648,165",62.5%,"540,455,876","190,000,000",284%,2.8,1:56:00,PG-13
216,Brave,2012,2010's,"237,283,207",44.0%,"301,700,000",56.0%,"538,983,207","185,000,000",291%,2.9,1:33:00,PG
217,The Simpsons Movie,2007,2000's,"183,135,014",34.1%,"353,279,279",65.9%,"536,414,293","75,000,000",715%,7.2,1:27:00,PG-13
218,The Revenant,2015,2010's,"183,637,894",34.5%,"349,312,609",65.5%,"532,950,503","135,000,000",395%,3.9,2:36:00,R
219,The Meg,2018,2010's,"145,522,784",27.5%,"383,815,731",72.5%,"529,338,515","130,000,000",407%,4.1,1:53:00,PG-13
220,Ralph Breaks the Internet,2018,2010's,"201,091,711",38.0%,"328,232,251",62.0%,"529,323,962","175,000,000",302%,3.0,1:52:00,PG
221,Hotel Transylvania 3: Summer Vacation,2018,2010's,"167,510,016",31.7%,"361,073,758",68.3%,"528,583,774","80,000,000",661%,6.6,1:37:00,PG
222,The Boss Baby,2017,2010's,"175,003,033",33.1%,"352,962,903",66.9%,"527,965,936","125,000,000",422%,4.2,1:37:00,PG
223,Dunkirk,2017,2010's,"189,740,665",36.0%,"337,275,642",64.0%,"527,016,307","100,000,000",527%,5.3,1:46:00,PG-13
224,The Grinch,2018,2010's,"271,384,731",51.5%,"255,375,901",48.5%,"526,760,632","75,000,000",702%,7.0,1:25:00,PG
225,Godzilla,2014,2010's,"200,676,069",38.2%,"324,300,000",61.8%,"524,976,069","160,000,000",328%,3.3,2:03:00,PG-13
226,How to Train Your Dragon: The Hidden World,2019,2010's,"160,945,505",30.7%,"363,635,087",69.3%,"524,580,592","129,000,000",407%,4.1,1:44:00,PG
227,Sherlock Holmes,2009,2000's,"209,028,679",39.9%,"315,000,000",60.1%,"524,028,679","90,000,000",582%,5.8,2:08:00,PG-13
228,Meet the Fockers,2004,2000's,"279,261,160",53.4%,"243,396,776",46.6%,"522,657,936","80,000,000",653%,6.5,1:55:00,PG-13
229,WALL·E,2008,2000's,"223,808,164",42.9%,"297,503,726",57.1%,"521,311,890","180,000,000",290%,2.9,1:38:00,G
230,Kung Fu Panda 3,2016,2010's,"143,528,619",27.5%,"377,642,206",72.5%,"521,170,825","145,000,000",359%,3.6,1:35:00,PG
231,Ant-Man,2015,2010's,"180,202,163",34.7%,"339,109,802",65.3%,"519,311,965","130,000,000",399%,4.0,1:57:00,PG-13
232,Terminator 2: Judgment Day,1991,1990's,"205,881,154",39.7%,"312,106,698",60.3%,"517,987,852","102,000,000",508%,5.1,2:17:00,R
233,Venom: Let There Be Carnage,2021,2020's,"213,550,366",42.1%,"293,313,226",57.9%,"506,863,592","110,000,000",461%,4.6,1:37:00,PG-13
234,Ghost,1990,1990's,"217,631,306",43.0%,"288,072,251",57.0%,"505,703,557","22,000,000",2299%,23.0,2:07:00,PG-13
235,Aladdin,1992,1990's,"217,350,219",43.1%,"286,700,000",56.9%,"504,050,219","28,000,000",1800%,18.0,1:30:00,G
236,Gladiator,2000,2000's,"187,705,427",37.3%,"315,456,886",62.7%,"503,162,313","103,000,000",489%,4.9,2:35:00,R
237,Rio 2,2014,2010's,"131,538,435",26.4%,"367,242,682",73.6%,"498,781,117","103,000,000",484%,4.8,1:41:00,G
238,Troy,2004,2000's,"133,378,256",26.8%,"364,031,596",73.2%,"497,409,852","175,000,000",284%,2.8,2:43:00,R
239,Toy Story 2,1999,1990's,"245,852,179",49.4%,"251,523,202",50.6%,"497,375,381","90,000,000",553%,5.5,1:32:00,G
240,How to Train Your Dragon,2010,2010's,"217,581,231",44.0%,"277,298,240",56.0%,"494,879,471","165,000,000",300%,3.0,1:38:00,PG
241,Twister,1996,1990's,"241,830,615",48.9%,"252,750,000",51.1%,"494,580,615","92,000,000",538%,5.4,1:53:00,PG-13
242,Oz the Great and Powerful,2013,2010's,"234,911,825",47.6%,"258,400,000",52.4%,"493,311,825","215,000,000",229%,2.3,2:10:00,PG
243,Clash of the Titans,2010,2010's,"163,214,888",33.1%,"330,000,105",66.9%,"493,214,993","125,000,000",395%,3.9,1:46:00,PG-13
244,Maleficent: Mistress of Evil,2019,2010's,"113,929,605",23.2%,"377,800,484",76.8%,"491,730,089","185,000,000",266%,2.7,1:59:00,PG
245,War for the Planet of the Apes,2017,2010's,"146,880,162",29.9%,"343,839,601",70.1%,"490,719,763","150,000,000",327%,3.3,2:20:00,PG-13
246,Shrek,2001,2000's,"268,163,011",54.9%,"220,278,357",45.1%,"488,441,368","60,000,000",814%,8.1,1:30:00,PG
247,Mr. & Mrs. Smith,2005,2000's,"186,336,279",38.2%,"300,951,367",61.8%,"487,287,646","110,000,000",443%,4.4,2:00:00,PG-13
248,Elemental,2023,2020's,"154,368,516",31.7%,"332,388,472",68.3%,"486,756,988","200,000,000",243%,2.4,1:41:00,PG
249,Angels & Demons,2009,2000's,"133,375,846",27.4%,"352,554,970",72.6%,"485,930,816","150,000,000",324%,3.2,2:18:00,PG-13
250,Teenage Mutant Ninja Turtles,2014,2010's,"191,204,754",39.4%,"293,800,000",60.6%,"485,004,754","125,000,000",388%,3.9,1:41:00,PG-13
251,Bruce Almighty,2003,2000's,"242,829,261",50.1%,"241,763,613",49.9%,"484,592,874","81,000,000",598%,6.0,1:41:00,PG-13
252,The King's Speech,2010,2010's,"138,797,449",28.7%,"345,271,412",71.3%,"484,068,861","15,000,000",3227%,32.3,1:58:00,R
253,Rio,2011,2010's,"143,619,809",29.7%,"340,246,963",70.3%,"483,866,772","90,000,000",538%,5.4,1:36:00,PG
254,Star Wars: Episode V - The Empire Strikes Back,1980,1980's,"292,753,960",60.6%,"190,685,234",39.4%,"483,439,194","18,000,000",2686%,26.9,2:04:00,PG
255,Saving Private Ryan,1998,1990's,"217,049,603",45.0%,"265,300,000",55.0%,"482,349,603","70,000,000",689%,6.9,2:49:00,R
256,Rise of the Planet of the Apes,2011,2010's,"176,760,185",36.7%,"305,040,688",63.3%,"481,800,873","93,000,000",518%,5.2,1:45:00,PG-13
257,Puss in Boots: The Last Wish,2022,2020's,"185,535,345",38.6%,"295,510,492",61.4%,"481,045,837","90,000,000",534%,5.3,1:42:00,PG
258,Home Alone,1990,1990's,"285,761,243",59.9%,"190,923,432",40.1%,"476,684,675","18,000,000",2648%,26.5,1:43:00,PG
259,Jaws,1975,1970's,"265,859,065",55.8%,"210,653,000",44.2%,"476,512,065","7,000,000",6807%,68.1,2:04:00,PG
260,Ant-Man and the Wasp: Quantumania,2023,2020's,"214,504,909",45.1%,"261,566,271",54.9%,"476,071,180","200,000,000",238%,2.4,2:04:00,PG-13
261,Hotel Transylvania 2,2015,2010's,"169,700,110",35.7%,"305,486,596",64.3%,"475,186,706","80,000,000",594%,5.9,1:29:00,PG
262,Charlie and the Chocolate Factory,2005,2000's,"206,459,076",43.5%,"268,509,687",56.5%,"474,968,763","150,000,000",317%,3.2,1:55:00,PG
263,Indiana Jones and the Last Crusade,1989,1980's,"197,171,806",41.6%,"277,000,000",58.4%,"474,171,806","48,000,000",988%,9.9,2:07:00,PG-13
264,San Andreas,2015,2010's,"155,190,832",32.7%,"318,818,322",67.3%,"474,009,154","110,000,000",431%,4.3,1:54:00,PG-13
265,It Chapter Two,2019,2010's,"211,622,525",44.7%,"261,500,000",55.3%,"473,122,525","79,000,000",599%,6.0,2:49:00,R
266,La La Land,2016,2010's,"151,101,803",32.0%,"320,875,533",68.0%,"471,977,336","30,000,000",1573%,15.7,2:08:00,PG-13
267,Wreck-It Ralph,2012,2010's,"189,422,889",40.2%,"281,800,000",59.8%,"471,222,889","165,000,000",286%,2.9,1:41:00,PG
268,Godzilla vs. Kong,2021,2020's,"100,916,094",21.5%,"369,200,000",78.5%,"470,116,094","155,000,000",303%,3.0,1:53:00,PG-13
269,The Hangover,2009,2000's,"277,339,746",59.1%,"191,988,333",40.9%,"469,328,079","35,000,000",1341%,13.4,1:40:00,R
270,Lucy,2014,2010's,"126,663,600",27.0%,"342,394,974",73.0%,"469,058,574","40,000,000",1173%,11.7,1:29:00,R
271,The Lego Movie,2014,2010's,"257,966,122",55.1%,"210,300,000",44.9%,"468,266,122","60,000,000",780%,7.8,1:40:00,PG
272,Bumblebee,2018,2010's,"127,195,589",27.2%,"340,794,056",72.8%,"467,989,645","135,000,000",347%,3.5,1:54:00,PG-13
273,Star Trek Into Darkness,2013,2010's,"228,778,661",49.0%,"238,586,585",51.0%,"467,365,246","190,000,000",246%,2.5,2:12:00,PG-13
274,The Matrix,1999,1990's,"172,076,928",36.8%,"295,145,800",63.2%,"467,222,728","63,000,000",742%,7.4,2:16:00,R
275,Pretty Woman,1990,1990's,"178,406,268",38.5%,"285,000,000",61.5%,"463,406,268","14,000,000",3310%,33.1,1:59:00,R
276,Cars,2006,2000's,"244,082,982",52.8%,"217,908,885",47.2%,"461,991,867","120,000,000",385%,3.8,1:57:00,G
277,The Eight Hundred,2020,2020's,"372,755",0.1%,"461,048,804",99.9%,"461,421,559","80,000,000",577%,5.8,2:29:00,NR
278,X-Men: The Last Stand,2006,2000's,"234,362,462",50.9%,"226,072,829",49.1%,"460,435,291","210,000,000",219%,2.2,1:44:00,PG-13
279,Moon Man,2022,2020's,0,0.0%,"460,237,662",100.0%,"460,237,662","8,221,881",5598%,56.0,2:02:00,NR
280,National Treasure: Book of Secrets,2007,2000's,"219,964,115",47.9%,"239,278,134",52.1%,"459,242,249","130,000,000",353%,3.5,2:04:00,PG
281,Mission: Impossible,1996,1990's,"180,981,856",39.5%,"276,714,535",60.5%,"457,696,391","80,000,000",572%,5.7,1:50:00,PG-13
282,300,2007,2000's,"210,629,101",46.2%,"245,453,242",53.8%,"456,082,343","65,000,000",702%,7.0,1:57:00,R
283,The Last Samurai,2003,2000's,"111,127,263",24.4%,"343,500,000",75.6%,"454,627,263","140,000,000",325%,3.2,2:34:00,R
284,Demon Slayer the Movie: Mugen Train,2020,2020's,"49,505,008",10.9%,"403,705,951",89.1%,"453,210,959","15,700,000",2887%,28.9,1:57:00,R
285,Dying to Survive,2018,2010's,"6,752",0.0%,"451,176,639",100.0%,"451,183,391","10,900,000",4139%,41.4,1:57:00,NR
286,Ocean's Eleven,2001,2000's,"183,417,150",40.7%,"267,300,000",59.3%,"450,717,150","85,000,000",530%,5.3,1:56:00,PG-13
287,"My People, My Country",2019,2010's,"2,356,683",0.5%,"447,708,310",99.5%,"450,064,993",N/A,N/A,N/A,2:34:00,NR
288,Pokémon Detective Pikachu,2019,2010's,"144,174,568",32.1%,"305,588,070",67.9%,"449,762,638","150,000,000",300%,3.0,1:44:00,PG
289,Thor,2011,2010's,"181,030,624",40.3%,"268,295,994",59.7%,"449,326,618","150,000,000",300%,3.0,1:55:00,PG-13
290,Pearl Harbor,2001,2000's,"198,542,554",44.2%,"250,678,391",55.8%,"449,220,945","140,000,000",321%,3.2,3:03:00,PG-13
291,Tarzan,1999,1990's,"171,091,819",38.2%,"277,100,000",61.8%,"448,191,819","130,000,000",345%,3.4,1:28:00,G
292,Men in Black II,2002,2000's,"193,735,288",43.5%,"251,400,000",56.5%,"445,135,288","140,000,000",318%,3.2,1:28:00,PG-13
293,The Bourne Ultimatum,2007,2000's,"227,471,070",51.2%,"216,628,965",48.8%,"444,100,035","110,000,000",404%,4.0,1:55:00,PG-13
294,The Mummy Returns,2001,2000's,"202,019,785",45.6%,"241,261,119",54.4%,"443,280,904","98,000,000",452%,4.5,2:10:00,PG-13
295,Alvin & the Chipmunks: The Squeakquel,2009,2000's,"219,614,612",49.6%,"223,525,393",50.4%,"443,140,005","75,000,000",591%,5.9,1:28:00,PG
296,Les Misérables,2012,2010's,"148,809,770",33.6%,"293,489,539",66.4%,"442,299,309","61,000,000",725%,7.3,2:38:00,PG-13
297,Mrs. Doubtfire,1993,1990's,"219,195,243",49.7%,"222,090,952",50.3%,"441,286,195","25,000,000",1765%,17.7,2:05:00,PG-13
298,Terminator Genisys,2015,2010's,"89,760,956",20.4%,"350,842,581",79.6%,"440,603,537","155,000,000",284%,2.8,2:06:00,PG-13
299,Warcraft,2016,2010's,"47,365,290",10.8%,"391,683,624",89.2%,"439,048,914","160,000,000",274%,2.7,2:03:00,PG-13
300,Transformers: Rise of the Beasts,2023,2020's,"157,066,392",35.8%,"281,900,000",64.2%,"438,966,392","195,000,000",225%,2.3,2:07:00,PG-13
301,Star Wars: Episode VI - Return of the Jedi,1983,1980's,"316,566,101",72.2%,"122,009,457",27.8%,"438,575,558","32,500,000",1349%,13.5,2:11:00,PG
302,A Star Is Born,2018,2010's,"215,333,122",49.4%,"220,900,000",50.6%,"436,233,122","36,000,000",1212%,12.1,2:16:00,R
303,The Greatest Showman,2017,2010's,"174,340,174",40.0%,"261,392,355",60.0%,"435,732,529","84,000,000",519%,5.2,1:45:00,PG
304,Terminator 3: Rise of the Machines,2003,2000's,"150,371,112",34.7%,"283,000,000",65.3%,"433,371,112","200,000,000",217%,2.2,1:49:00,R
305,Shang-Chi and the Legend of the Ten Rings,2021,2020's,"224,543,292",51.9%,"207,700,000",48.1%,"432,243,292","150,000,000",288%,2.9,2:12:00,PG-13
306,Die Another Day,2002,2000's,"160,942,139",37.3%,"271,028,977",62.7%,"431,971,116","142,000,000",304%,3.0,2:13:00,PG-13
307,The Secret Life of Pets 2,2019,2010's,"158,874,395",36.9%,"272,184,209",63.1%,"431,058,604","80,000,000",539%,5.4,1:26:00,PG
308,Cast Away,2000,2000's,"233,632,142",54.4%,"196,000,000",45.6%,"429,632,142","90,000,000",477%,4.8,2:23:00,PG-13
309,Rampage,2018,2010's,"101,028,233",23.6%,"327,000,000",76.4%,"428,028,233","120,000,000",357%,3.6,1:47:00,PG-13
310,The Matrix Revolutions,2003,2000's,"139,313,948",32.6%,"288,030,377",67.4%,"427,344,325","150,000,000",285%,2.8,2:09:00,R
311,The Intouchables,2011,2010's,"10,198,820",2.4%,"416,389,690",97.6%,"426,588,510","10,800,000",3950%,39.5,1:52:00,R
312,John Wick: Chapter 4,2023,2020's,"187,131,806",43.9%,"239,400,091",56.1%,"426,531,897","100,000,000",427%,4.3,2:49:00,R
313,Bad Boys for Life,2020,2020's,"206,305,244",48.4%,"220,200,000",51.6%,"426,505,244","90,000,000",474%,4.7,2:04:00,R
314,Django Unchained,2012,2010's,"162,805,434",38.2%,"263,268,939",61.8%,"426,074,373","100,000,000",426%,4.3,2:45:00,R
315,Dances with Wolves,1990,1990's,"184,208,848",43.4%,"240,000,000",56.6%,"424,208,848","22,000,000",1928%,19.3,3:01:00,PG-13
316,"My People, My Homeland",2020,2020's,0,0.0%,"422,390,820",100.0%,"422,390,820",N/A,N/A,N/A,2:33:00,NR
317,The Chronicles of Narnia: Prince Caspian,2008,2000's,"141,621,490",33.7%,"278,044,078",66.3%,"419,665,568","225,000,000",187%,1.9,2:30:00,PG
318,Sex and the City,2008,2000's,"152,647,258",36.5%,"266,118,261",63.5%,"418,765,519","65,000,000",644%,6.4,2:25:00,R
319,The Captain,2019,2010's,"706,572",0.2%,"416,575,449",99.8%,"417,282,021",N/A,N/A,N/A,1:51:00,NR
320,The Mummy,1999,1990's,"155,385,488",37.4%,"260,547,918",62.6%,"415,933,406","80,000,000",520%,5.2,2:04:00,PG-13
321,The Chronicles of Narnia: The Voyage of the Dawn Treader,2010,2010's,"104,386,950",25.1%,"311,299,267",74.9%,"415,686,217","155,000,000",268%,2.7,1:53:00,PG
322,Jason Bourne,2016,2010's,"162,434,410",39.1%,"253,050,504",60.9%,"415,484,914","120,000,000",346%,3.5,2:03:00,PG-13
323,The Wolverine,2013,2010's,"132,556,852",32.0%,"282,271,394",68.0%,"414,828,246","120,000,000",346%,3.5,2:06:00,PG-13
324,Kingsman: The Secret Service,2015,2010's,"128,261,724",31.0%,"286,089,822",69.0%,"414,351,546","81,000,000",512%,5.1,2:09:00,R
325,Night at the Museum: Battle of the Smithsonian,2009,2000's,"177,243,721",42.9%,"235,862,449",57.1%,"413,106,170","150,000,000",275%,2.8,1:45:00,PG
326,Batman,1989,1980's,"251,409,241",61.1%,"160,160,000",38.9%,"411,569,241","35,000,000",1176%,11.8,2:06:00,PG-13
327,The Bodyguard,1992,1990's,"122,046,449",29.7%,"289,000,000",70.3%,"411,046,449","25,000,000",1644%,16.4,2:09:00,R
328,Pacific Rim,2013,2010's,"101,802,906",24.8%,"309,200,000",75.2%,"411,002,906","190,000,000",216%,2.2,2:11:00,PG-13
329,Kingsman: The Golden Circle,2017,2010's,"100,234,838",24.4%,"310,667,824",75.6%,"410,902,662","104,000,000",395%,4.0,2:21:00,R
330,The Mummy,2017,2010's,"80,227,895",19.6%,"329,003,712",80.4%,"409,231,607","125,000,000",327%,3.3,1:51:00,PG-13
331,Ice Age: Collision Course,2016,2010's,"64,063,008",15.7%,"344,691,967",84.3%,"408,754,975","105,000,000",389%,3.9,1:34:00,PG
332,Twilight,2008,2000's,"193,962,473",47.5%,"214,467,942",52.5%,"408,430,415","37,000,000",1104%,11.0,2:02:00,PG-13
333,Sing 2,2021,2020's,"162,790,990",39.9%,"245,611,151",60.1%,"408,402,141","85,000,000",480%,4.8,1:50:00,PG
334,Signs,2002,2000's,"227,966,634",55.8%,"180,281,283",44.2%,"408,247,917","72,000,000",567%,5.7,1:46:00,PG-13
335,X2: X-Men United,2003,2000's,"214,949,694",52.7%,"192,761,855",47.3%,"407,711,549","110,000,000",371%,3.7,2:14:00,PG-13
336,Fantastic Beasts: The Secrets of Dumbledore,2022,2020's,"95,850,844",23.5%,"311,300,000",76.5%,"407,150,844","200,000,000",204%,2.0,2:22:00,PG-13
337,Uncharted,2022,2020's,"148,648,820",36.5%,"258,492,438",63.5%,"407,141,258","120,000,000",339%,3.4,1:56:00,PG-13
338,The Wolf of Wall Street,2013,2010's,"116,900,694",28.7%,"289,977,539",71.3%,"406,878,233","100,000,000",407%,4.1,3:00:00,R
339,Sonic the Hedgehog 2,2022,2020's,"190,872,904",47.1%,"214,548,614",52.9%,"405,421,518","90,000,000",450%,4.5,2:02:00,PG
340,Beauty and the Beast,1991,1990's,"218,967,620",54.1%,"186,043,788",45.9%,"405,011,408","25,000,000",1620%,16.2,1:24:00,G
341,Alita: Battle Angel,2019,2010's,"85,838,210",21.2%,"319,142,333",78.8%,"404,980,543","170,000,000",238%,2.4,2:02:00,PG-13
342,The Mummy: Tomb of the Dragon Emperor,2008,2000's,"102,491,776",25.4%,"300,958,054",74.6%,"403,449,830","145,000,000",278%,2.8,1:52:00,PG-13
343,Prometheus,2012,2010's,"126,477,084",31.4%,"276,877,385",68.6%,"403,354,469","130,000,000",310%,3.1,2:04:00,R
344,Gone with the Wind,1939,1930's,"200,882,193",49.9%,"201,500,000",50.1%,"402,382,193","3,850,000",10451%,104.5,3:58:00,NR
345,Mamma Mia! Here We Go Again,2018,2010's,"120,634,935",30.0%,"281,629,908",70.0%,"402,264,843","75,000,000",536%,5.4,1:54:00,PG-13
346,Eternals,2021,2020's,"164,870,234",41.0%,"237,194,665",59.0%,"402,064,899","236,200,000",170%,1.7,2:36:00,PG-13
347,Dune,2021,2020's,"108,327,830",26.9%,"293,700,000",73.1%,"402,027,830","165,000,000",244%,2.4,2:35:00,PG-13
348,Tron: Legacy,2010,2010's,"172,062,763",43.0%,"228,001,089",57.0%,"400,063,852","170,000,000",235%,2.4,2:05:00,PG
349,Mission: Impossible III,2006,2000's,"134,029,801",33.6%,"264,449,696",66.4%,"398,479,497","150,000,000",266%,2.7,2:06:00,PG-13
350,Snow White and the Huntsman,2012,2010's,"155,332,381",39.2%,"241,260,448",60.8%,"396,592,829","170,000,000",233%,2.3,2:07:00,PG-13
351,Grease,1978,1970's,"190,071,103",48.0%,"206,200,000",52.0%,"396,271,103","6,000,000",6605%,66.0,1:50:00,PG
352,Toy Story,1995,1990's,"223,225,679",56.6%,"171,210,907",43.4%,"394,436,586","30,000,000",1315%,13.1,1:21:00,G
353,Black Adam,2022,2020's,"168,152,111",42.8%,"225,100,000",57.2%,"393,252,111","200,000,000",197%,2.0,2:05:00,PG-13
354,Solo: A Star Wars Story,2018,2010's,"213,767,512",54.4%,"179,157,295",45.6%,"392,924,807","275,000,000",143%,1.4,2:15:00,PG-13
355,Superman Returns,2006,2000's,"200,081,192",51.2%,"191,000,000",48.8%,"391,081,192","270,000,000",145%,1.4,2:34:00,PG-13
356,Meg 2: The Trench,2023,2020's,"81,893,895",21.0%,"308,900,000",79.0%,"390,793,895","129,000,000",303%,3.0,1:56:00,PG-13
357,Robin Hood: Prince of Thieves,1991,1990's,"165,493,908",42.4%,"225,000,000",57.6%,"390,493,908","48,000,000",814%,8.1,2:23:00,PG-13
358,Indiana Jones and the Raiders of the Lost Ark,1981,1980's,"248,159,971",63.6%,"141,766,000",36.4%,"389,925,971","18,000,000",2166%,21.7,1:55:00,PG
359,Independence Day: Resurgence,2016,2010's,"103,144,286",26.5%,"286,537,649",73.5%,"389,681,935","165,000,000",236%,2.4,2:00:00,PG-13
360,Live Free or Die Hard,2007,2000's,"134,529,403",34.7%,"253,626,608",65.3%,"388,156,011","110,000,000",353%,3.5,2:08:00,PG-13
361,Monster Hunt,2015,2010's,"32,766",0.0%,"387,020,740",100.0%,"387,053,506","56,000,000",691%,6.9,1:57:00,NR
362,Godzilla: King of the Monsters,2019,2010's,"110,500,138",28.6%,"276,100,000",71.4%,"386,600,138","170,000,000",227%,2.3,2:12:00,PG-13
363,Home,2015,2010's,"177,397,510",46.0%,"208,644,097",54.0%,"386,041,607","135,000,000",286%,2.9,1:34:00,PG
364,Star Trek,2009,2000's,"257,730,019",66.8%,"127,950,427",33.2%,"385,680,446","150,000,000",257%,2.6,2:07:00,PG-13
365,1917,2019,2010's,"159,227,644",41.4%,"225,351,828",58.6%,"384,579,472","95,000,000",405%,4.0,1:59:00,R
366,Happy Feet,2006,2000's,"198,000,317",51.5%,"186,335,791",48.5%,"384,336,108","100,000,000",384%,3.8,1:48:00,PG
367,Spider-Man: Into the Spider-Verse,2018,2010's,"190,241,310",49.5%,"194,057,426",50.5%,"384,298,736","90,000,000",427%,4.3,1:57:00,PG
368,Cars 3,2017,2010's,"152,901,115",39.8%,"231,029,541",60.2%,"383,930,656","175,000,000",219%,2.2,1:42:00,G
369,Back to the Future,1985,1980's,"212,836,762",55.5%,"170,500,000",44.5%,"383,336,762","19,000,000",2018%,20.2,1:56:00,PG
370,Ice Age,2002,2000's,"176,387,405",46.0%,"206,869,731",54.0%,"383,257,136","59,000,000",650%,6.5,1:21:00,PG
371,Indiana Jones and the Dial of Destiny ,2023,2020's,"174,480,468",45.6%,"208,410,636",54.4%,"382,891,104","300,000,000",128%,1.3,2:34:00,PG-13
372,Your Name.,2016,2010's,"5,017,246",1.3%,"377,220,935",98.7%,"382,238,181","5,057,827",7557%,75.6,1:46:00,PG
373,Fifty Shades Darker,2017,2010's,"114,581,250",30.0%,"266,964,596",70.0%,"381,545,846","55,000,000",694%,6.9,1:58:00,R
374,Monsters vs. Aliens,2009,2000's,"198,351,526",52.0%,"183,158,344",48.0%,"381,509,870","175,000,000",218%,2.2,1:34:00,PG
375,Mad Max: Fury Road,2015,2010's,"154,280,290",40.6%,"225,800,000",59.4%,"380,080,290","150,000,000",253%,2.5,2:00:00,R
376,Black Widow,2021,2020's,"183,651,655",48.4%,"196,100,000",51.6%,"379,751,655","200,000,000",190%,1.9,2:14:00,PG-13
377,Godzilla,1998,1990's,"136,314,294",36.0%,"242,700,000",64.0%,"379,014,294","130,000,000",292%,2.9,2:19:00,PG-13
378,True Lies,1994,1990's,"146,282,411",38.6%,"232,600,000",61.4%,"378,882,411","115,000,000",329%,3.3,2:21:00,R
379,Slumdog Millionaire,2008,2000's,"141,319,928",37.3%,"237,090,614",62.7%,"378,410,542","15,000,000",2523%,25.2,2:00:00,R
380,Once Upon a Time in Hollywood,2019,2010's,"142,502,728",37.7%,"235,114,870",62.3%,"377,617,598","90,000,000",420%,4.2,2:41:00,R
381,Taken 2,2012,2010's,"139,854,287",37.2%,"236,298,168",62.8%,"376,152,455","45,000,000",836%,8.4,1:32:00,PG-13
382,G.I. Joe: Retaliation,2013,2010's,"122,523,060",32.6%,"253,217,645",67.4%,"375,740,705","130,000,000",289%,2.9,1:50:00,PG-13
383,Shark Tale,2004,2000's,"160,861,908",42.9%,"213,721,971",57.1%,"374,583,879","75,000,000",499%,5.0,1:30:00,PG
384,What Women Want,2000,2000's,"182,811,707",48.9%,"191,300,000",51.1%,"374,111,707","70,000,000",534%,5.3,2:07:00,PG-13
385,The Adventures of Tintin,2011,2010's,"77,591,831",20.7%,"296,402,120",79.3%,"373,993,951","130,000,000",288%,2.9,1:47:00,PG
386,Batman Begins,2005,2000's,"206,863,479",55.4%,"166,809,514",44.6%,"373,672,993","150,000,000",249%,2.5,2:20:00,PG-13
387,Penguins of Madagascar,2014,2010's,"83,850,911",22.4%,"289,664,710",77.6%,"373,515,621","132,000,000",283%,2.8,1:32:00,PG
388,X-Men Origins: Wolverine,2009,2000's,"179,883,157",48.2%,"193,179,707",51.8%,"373,062,864","150,000,000",249%,2.5,1:47:00,PG-13
389,The Golden Compass,2007,2000's,"70,107,728",18.8%,"302,127,136",81.2%,"372,234,864","180,000,000",207%,2.1,1:53:00,PG-13
390,Fifty Shades Freed,2018,2010's,"100,407,760",27.0%,"271,577,258",73.0%,"371,985,018","55,000,000",676%,6.8,1:45:00,R
391,Hitch,2005,2000's,"179,495,555",48.3%,"192,098,655",51.7%,"371,594,210","70,000,000",531%,5.3,1:58:00,PG-13
392,Terminator Salvation,2009,2000's,"125,322,469",33.7%,"246,030,532",66.3%,"371,353,001","200,000,000",186%,1.9,1:55:00,PG-13
393,Captain America: The First Avenger,2011,2010's,"176,654,505",47.7%,"193,915,269",52.3%,"370,569,774","140,000,000",265%,2.6,2:04:00,PG-13
394,Edge of Tomorrow,2014,2010's,"100,206,256",27.0%,"270,335,000",73.0%,"370,541,256","178,000,000",208%,2.1,1:53:00,PG-13
395,There's Something About Mary,1998,1990's,"176,484,651",47.7%,"193,400,000",52.3%,"369,884,651","23,000,000",1608%,16.1,1:59:00,R
396,Gone Girl,2014,2010's,"167,767,189",45.4%,"201,563,174",54.6%,"369,330,363","61,000,000",605%,6.1,2:29:00,R
397,The Exorcist,1973,1970's,"233,005,644",63.1%,"136,017,945",36.9%,"369,023,589","11,000,000",3355%,33.5,2:02:00,R
398,The Fugitive,1993,1990's,"183,875,760",49.8%,"185,000,000",50.2%,"368,875,760","44,000,000",838%,8.4,2:10:00,PG-13
399,Jurassic Park III,2001,2000's,"181,171,875",49.1%,"187,608,934",50.9%,"368,780,809","93,000,000",397%,4.0,1:32:00,PG-13
400,My Big Fat Greek Wedding,2002,2000's,"241,438,208",65.5%,"127,305,836",34.5%,"368,744,044","5,000,000",7375%,73.7,1:35:00,PG
401,Shazam!,2019,2010's,"140,480,049",38.2%,"227,318,962",61.8%,"367,799,011","100,000,000",368%,3.7,2:12:00,PG-13
402,Hello Mr. Billionaire,2018,2010's,0,0.0%,"366,961,907",100.0%,"366,961,907",N/A,N/A,N/A,1:58:00,NR
403,Die Hard with a Vengeance,1995,1990's,"100,012,499",27.3%,"266,089,167",72.7%,"366,101,666","90,000,000",407%,4.1,2:08:00,R
404,The Nun,2018,2010's,"117,481,222",32.1%,"248,101,575",67.9%,"365,582,797","22,000,000",1662%,16.6,1:36:00,R
405,Alvin and the Chipmunks,2007,2000's,"217,326,974",59.5%,"148,025,572",40.5%,"365,352,546","60,000,000",609%,6.1,1:32:00,PG
406,Tenet,2020,2020's,"58,504,105",16.0%,"306,800,000",84.0%,"365,304,105","205,000,000",178%,1.8,2:30:00,PG-13
407,Notting Hill,1999,1990's,"116,089,678",31.9%,"247,800,000",68.1%,"363,889,678","42,000,000",866%,8.7,2:04:00,PG-13
408,A Bug's Life,1998,1990's,"162,798,565",44.8%,"200,460,294",55.2%,"363,258,859","120,000,000",303%,3.0,1:35:00,G
409,Night at the Museum: Secret of the Tomb,2014,2010's,"113,746,621",31.3%,"249,458,014",68.7%,"363,204,635","127,000,000",286%,2.9,1:38:00,PG
410,Ocean's Twelve,2004,2000's,"125,544,280",34.6%,"237,200,000",65.4%,"362,744,280","110,000,000",330%,3.3,2:05:00,PG-13
411,Planet of the Apes,2001,2000's,"180,011,740",49.7%,"182,200,000",50.3%,"362,211,740","100,000,000",362%,3.6,2:00:00,PG-13
412,The Hangover Part III,2013,2010's,"112,200,072",31.0%,"249,800,000",69.0%,"362,000,072","103,000,000",351%,3.5,1:40:00,R
413,The World Is Not Enough,1999,1990's,"126,943,684",35.1%,"234,888,716",64.9%,"361,832,400","135,000,000",268%,2.7,2:08:00,PG-13
414,Monster Hunt 2,2018,2010's,"706,153",0.2%,"360,976,465",99.8%,"361,682,618","143,000,000",253%,2.5,1:50:00,NR
415,Fast & Furious,2009,2000's,"155,064,265",43.0%,"205,302,605",57.0%,"360,366,870","85,000,000",424%,4.2,1:47:00,PG-13
416,Noah,2014,2010's,"101,200,044",28.2%,"258,000,000",71.8%,"359,200,044","125,000,000",287%,2.9,2:18:00,PG-13
417,The Karate Kid,2010,2010's,"176,591,618",49.2%,"182,534,404",50.8%,"359,126,022","40,000,000",898%,9.0,2:20:00,PG
418,Home Alone 2: Lost in New York,1992,1990's,"173,585,516",48.4%,"185,409,334",51.6%,"358,994,850","20,000,000",1795%,17.9,2:00:00,PG
419,Hotel Transylvania,2012,2010's,"148,313,048",41.4%,"210,062,555",58.6%,"358,375,603","85,000,000",422%,4.2,1:31:00,PG
420,Minority Report,2002,2000's,"132,072,926",36.9%,"226,300,000",63.1%,"358,372,926","102,000,000",351%,3.5,2:25:00,PG-13
421,Top Gun,1986,1980's,"180,258,178",50.5%,"177,030,000",49.5%,"357,288,178","15,000,000",2382%,23.8,1:49:00,PG
422,Spirited Away,2001,2000's,"15,205,725",4.3%,"342,071,675",95.7%,"357,277,400","19,000,000",1880%,18.8,2:05:00,PG
423,The Legend of Tarzan,2016,2010's,"126,643,061",35.5%,"230,057,296",64.5%,"356,700,357","180,000,000",198%,2.0,1:50:00,PG-13
424,American Beauty,1999,1990's,"130,096,601",36.5%,"226,200,000",63.5%,"356,296,601","15,000,000",2375%,23.8,2:02:00,R
425,Apollo 13,1995,1990's,"173,837,933",49.0%,"181,077,570",51.0%,"354,915,503","65,000,000",546%,5.5,2:20:00,PG
426,Rain Man,1988,1980's,"172,825,435",48.7%,"182,000,000",51.3%,"354,825,435","25,000,000",1419%,14.2,2:13:00,R
427,The Great Gatsby,2013,2010's,"144,857,996",41.0%,"208,801,855",59.0%,"353,659,851","105,000,000",337%,3.4,2:23:00,PG-13
428,Dumbo,2019,2010's,"114,766,307",32.5%,"238,518,314",67.5%,"353,284,621","170,000,000",208%,2.1,1:52:00,PG
429,"I, Robot",2004,2000's,"144,801,023",41.0%,"208,332,875",59.0%,"353,133,898","120,000,000",294%,2.9,1:55:00,PG-13
430,Basic Instinct,1992,1990's,"117,727,224",33.4%,"235,200,000",66.6%,"352,927,224","49,000,000",720%,7.2,2:07:00,R
431,Murder on the Orient Express,2017,2010's,"102,826,543",29.1%,"249,967,538",70.9%,"352,794,081","55,000,000",641%,6.4,1:54:00,PG-13
432,X-Men: First Class,2011,2010's,"146,408,305",41.5%,"206,208,385",58.5%,"352,616,690","160,000,000",220%,2.2,2:11:00,PG-13
433,The Angry Birds Movie,2016,2010's,"107,509,366",30.5%,"244,824,563",69.5%,"352,333,929","73,000,000",483%,4.8,1:37:00,PG
434,GoldenEye,1995,1990's,"106,429,941",30.2%,"245,764,093",69.8%,"352,194,034","60,000,000",587%,5.9,2:10:00,PG-13
435,Catch Me If You Can,2002,2000's,"164,615,351",46.8%,"187,498,961",53.2%,"352,114,312","52,000,000",677%,6.8,2:21:00,PG-13
436,Now You See Me,2013,2010's,"117,723,989",33.5%,"234,000,000",66.5%,"351,723,989","75,000,000",469%,4.7,1:55:00,PG-13
437,Hannibal,2001,2000's,"165,092,268",46.9%,"186,600,000",53.1%,"351,692,268","87,000,000",404%,4.0,2:11:00,R
438,The Mask,1994,1990's,"119,938,730",34.1%,"231,644,677",65.9%,"351,583,407","23,000,000",1529%,15.3,1:41:00,PG-13
439,Peter Rabbit,2018,2010's,"115,253,424",32.8%,"236,242,642",67.2%,"351,496,066","50,000,000",703%,7.0,1:35:00,PG
440,Speed,1994,1990's,"121,248,145",34.6%,"229,200,000",65.4%,"350,448,145","30,000,000",1168%,11.7,1:56:00,R
441,Dinosaur,2000,2000's,"137,748,063",39.4%,"212,074,702",60.6%,"349,822,765","127,500,000",274%,2.7,1:22:00,PG
442,Mary Poppins Returns,2018,2010's,"171,958,438",49.2%,"177,587,704",50.8%,"349,546,142","130,000,000",269%,2.7,2:10:00,PG
443,Deep Impact,1998,1990's,"140,464,664",40.2%,"209,000,000",59.8%,"349,464,664","80,000,000",437%,4.4,2:00:00,PG-13
444,The Lorax,2012,2010's,"214,373,500",61.4%,"134,809,816",38.6%,"349,183,316","70,000,000",499%,5.0,1:26:00,PG
445,The Maze Runner,2014,2010's,"102,427,862",29.4%,"245,891,999",70.6%,"348,319,861","34,000,000",1024%,10.2,1:53:00,PG-13
446,The Smurfs 2,2013,2010's,"71,017,784",20.4%,"276,527,576",79.6%,"347,545,360","105,000,000",331%,3.3,1:45:00,PG
447,National Treasure,2004,2000's,"173,008,894",49.8%,"174,503,424",50.2%,"347,512,318","100,000,000",348%,3.5,2:11:00,PG
448,Rush Hour 2,2001,2000's,"226,164,286",65.1%,"121,161,516",34.9%,"347,325,802","90,000,000",386%,3.9,1:30:00,PG-13
449,Trolls,2016,2010's,"154,025,064",44.4%,"193,157,822",55.6%,"347,182,886","125,000,000",278%,2.8,1:32:00,PG
450,xXx: Return of Xander Cage,2017,2010's,"44,898,413",13.0%,"301,219,864",87.0%,"346,118,277","85,000,000",407%,4.1,1:47:00,PG-13
451,Pocahontas,1995,1990's,"141,579,773",40.9%,"204,500,000",59.1%,"346,079,773","55,000,000",629%,6.3,1:21:00,G
452,How the Grinch Stole Christmas,2000,2000's,"260,715,005",75.4%,"85,108,027",24.6%,"345,823,032","123,000,000",281%,2.8,1:44:00,PG
453,Star Trek Beyond,2016,2010's,"158,848,340",46.2%,"184,623,476",53.8%,"343,471,816","185,000,000",186%,1.9,2:02:00,PG-13
454,Alvin and the Chipmunks: Chipwrecked,2011,2010's,"133,110,742",38.8%,"209,584,693",61.2%,"342,695,435","75,000,000",457%,4.6,1:27:00,G
455,Wanted,2008,2000's,"134,508,551",39.3%,"207,954,512",60.7%,"342,463,063","75,000,000",457%,4.6,1:50:00,R
456,The Flintstones,1994,1990's,"130,531,208",38.2%,"211,100,000",61.8%,"341,631,208","46,000,000",743%,7.4,1:31:00,PG
457,A Quiet Place,2018,2010's,"188,024,361",55.1%,"152,928,610",44.9%,"340,952,971","17,000,000",2006%,20.1,1:30:00,PG-13
458,Enchanted,2007,2000's,"127,807,262",37.5%,"212,680,600",62.5%,"340,487,862","85,000,000",401%,4.0,1:47:00,PG
459,Over the Hedge,2006,2000's,"155,019,340",45.6%,"184,776,550",54.4%,"339,795,890","80,000,000",425%,4.2,1:23:00,PG
460,300: Rise of an Empire,2014,2010's,"106,580,051",31.6%,"231,000,000",68.4%,"337,580,051","110,000,000",307%,3.1,1:42:00,R
461,Batman Forever,1995,1990's,"184,069,126",54.7%,"152,498,032",45.3%,"336,567,158","100,000,000",337%,3.4,2:01:00,PG-13
462,Prince of Persia: The Sands of Time,2010,2010's,"90,759,676",27.0%,"245,606,000",73.0%,"336,365,676","200,000,000",168%,1.7,1:56:00,PG-13
463,The Curious Case of Benjamin Button,2008,2000's,"127,509,326",38.0%,"208,293,460",62.0%,"335,802,786","150,000,000",224%,2.2,2:46:00,PG-13
464,Journey 2: The Mysterious Island,2012,2010's,"103,887,748",31.0%,"231,400,000",69.0%,"335,287,748","79,000,000",424%,4.2,1:34:00,PG
465,The Rock,1996,1990's,"134,069,511",40.0%,"200,993,110",60.0%,"335,062,621","75,000,000",447%,4.5,2:16:00,R
466,The Great Wall,2016,2010's,"45,540,830",13.6%,"289,393,001",86.4%,"334,933,831","150,000,000",223%,2.2,1:43:00,PG-13
467,Now You See Me 2,2016,2010's,"65,075,540",19.4%,"269,822,066",80.6%,"334,897,606","90,000,000",372%,3.7,2:09:00,PG-13
468,Never Say Die,2017,2010's,0,0.0%,"334,530,869",100.0%,"334,530,869",N/A,N/A,N/A,1:40:00,NR
469,Bridget Jones's Diary,2001,2000's,"71,543,427",21.4%,"262,729,136",78.6%,"334,272,563","25,000,000",1337%,13.4,1:37:00,R
470,Fantastic Four,2005,2000's,"154,696,080",46.4%,"178,839,854",53.6%,"333,535,934","100,000,000",334%,3.3,1:46:00,PG-13
471,Indiana Jones and the Temple of Doom,1984,1980's,"179,870,271",54.0%,"153,237,000",46.0%,"333,107,271","28,000,000",1190%,11.9,1:58:00,PG
472,Tomorrow Never Dies,1997,1990's,"125,304,276",37.6%,"207,706,792",62.4%,"333,011,068","110,000,000",303%,3.0,1:59:00,PG-13
473,Back to the Future Part II,1989,1980's,"119,000,002",35.8%,"213,500,000",64.2%,"332,500,002","40,000,000",831%,8.3,1:48:00,PG
474,The Good Dinosaur,2015,2010's,"123,087,120",37.1%,"209,120,551",62.9%,"332,207,671","187,500,000",177%,1.8,1:33:00,PG
475,Free Guy,2021,2020's,"121,626,598",36.7%,"209,900,000",63.3%,"331,526,598","100,000,000",332%,3.3,1:55:00,PG-13
476,22 Jump Street,2014,2010's,"191,719,337",57.9%,"139,614,539",42.1%,"331,333,876","50,000,000",663%,6.6,1:52:00,R
477,Meet the Parents,2000,2000's,"166,244,045",50.3%,"164,200,000",49.7%,"330,444,045","55,000,000",601%,6.0,1:48:00,PG-13
478,Who Framed Roger Rabbit,1988,1980's,"156,452,370",47.4%,"173,351,588",52.6%,"329,803,958","70,000,000",471%,4.7,1:44:00,PG
479,Black Swan,2010,2010's,"106,954,678",32.5%,"222,443,368",67.5%,"329,398,046","13,000,000",2534%,25.3,1:48:00,R
480,The Perfect Storm,2000,2000's,"182,618,434",55.6%,"146,100,000",44.4%,"328,718,434","140,000,000",235%,2.3,2:10:00,PG-13
481,John Wick: Chapter 3 - Parabellum,2019,2010's,"171,015,678",52.1%,"157,333,700",47.9%,"328,349,378","75,000,000",438%,4.4,2:10:00,R
482,Crocodile Dundee,1986,1980's,"174,803,506",53.3%,"153,400,000",46.7%,"328,203,506","8,800,000",3730%,37.3,1:37:00,PG-13
483,Crazy Alien,2019,2010's,"1,448,588",0.4%,"326,150,303",99.6%,"327,598,891","105,000,000",312%,3.1,1:56:00,NR
484,Se7en,1995,1990's,"100,125,643",30.6%,"227,207,916",69.4%,"327,333,559","33,000,000",992%,9.9,2:07:00,R
485,The Devil Wears Prada,2006,2000's,"124,740,460",38.2%,"201,965,655",61.8%,"326,706,115","35,000,000",933%,9.3,1:49:00,PG-13
486,Taken 3,2015,2010's,"89,256,424",27.3%,"237,222,717",72.7%,"326,479,141","48,000,000",680%,6.8,1:48:00,PG-13
487,The Hunchback of Notre Dame,1996,1990's,"100,138,851",30.8%,"225,200,000",69.2%,"325,338,851","100,000,000",325%,3.3,1:31:00,G
488,A Christmas Carol,2009,2000's,"137,855,863",42.4%,"187,430,783",57.6%,"325,286,646","200,000,000",163%,1.6,1:36:00,PG
489,The SpongeBob Movie: Sponge Out of Water,2015,2010's,"162,994,032",50.1%,"162,192,000",49.9%,"325,186,032","74,000,000",439%,4.4,1:32:00,PG
490,The Conjuring 2,2016,2010's,"102,516,140",31.8%,"220,295,401",68.2%,"322,811,541","40,000,000",807%,8.1,2:14:00,R
491,Schindler's List,1993,1990's,"96,898,818",30.1%,"225,262,427",69.9%,"322,161,245","22,000,000",1464%,14.6,3:15:00,R
492,Megamind,2010,2010's,"148,415,853",46.1%,"173,469,912",53.9%,"321,885,765","130,000,000",248%,2.5,1:35:00,PG
493,Green Book,2018,2010's,"85,080,171",26.4%,"236,672,485",73.6%,"321,752,656","23,000,000",1399%,14.0,2:10:00,PG-13
494,Lethal Weapon 3,1992,1990's,"144,731,527",45.0%,"177,000,000",55.0%,"321,731,527","35,000,000",919%,9.2,1:58:00,R
495,Robin Hood,2010,2010's,"105,269,730",32.7%,"216,400,011",67.3%,"321,669,741","200,000,000",161%,1.6,2:20:00,PG-13
496,Inglourious Basterds,2009,2000's,"120,540,719",37.5%,"200,917,028",62.5%,"321,457,747","70,000,000",459%,4.6,2:33:00,R
497,101 Dalmatians,1996,1990's,"136,189,294",42.5%,"184,500,000",57.5%,"320,689,294","67,000,000",479%,4.8,1:43:00,G
498,The Conjuring,2013,2010's,"137,446,368",42.9%,"182,959,874",57.1%,"320,406,242","20,000,000",1602%,16.0,1:52:00,R
499,Fatal Attraction,1987,1980's,"156,645,693",48.9%,"163,500,000",51.1%,"320,145,693","14,000,000",2287%,22.9,1:59:00,R
500,Sonic the Hedgehog,2020,2020's,"148,974,665",46.6%,"170,741,018",53.4%,"319,715,683","85,000,000",376%,3.8,1:39:00,PG